{
  "anchors": [
    10,
    13,
    16,
    30,
    33,
    23,
    30,
    61,
    62,
    45,
    59,
    119,
    116,
    90,
    156,
    198,
    373,
    326
  ],
  "inputs": {
    "input0": [
      224,
      224,
      3
    ]
  },
  "outputs": {
    "output0": [
      28,
      28,
      27
    ],
    "output1": [
      14,
      14,
      27
    ],
    "output2": [
      7,
      7,
      27
    ]
  },
  "params_quantity": 7030417,
  "loss": [
    [
      1,
      2.86714
    ],
    [
      2,
      2.51788
    ],
    [
      3,
      2.18551
    ],
    [
      4,
      1.95824
    ],
    [
      5,
      1.77415
    ],
    [
      6,
      1.64624
    ],
    [
      7,
      1.53502
    ],
    [
      8,
      1.45033
    ],
    [
      9,
      1.38444
    ],
    [
      10,
      1.31293
    ],
    [
      11,
      1.24801
    ],
    [
      12,
      1.19222
    ],
    [
      13,
      1.1392
    ],
    [
      14,
      1.0833
    ],
    [
      15,
      1.03442
    ],
    [
      16,
      0.9887
    ],
    [
      17,
      0.9449
    ],
    [
      18,
      0.90768
    ],
    [
      19,
      0.86636
    ],
    [
      20,
      0.83727
    ],
    [
      21,
      0.80906
    ],
    [
      22,
      0.78392
    ],
    [
      23,
      0.76984
    ],
    [
      24,
      0.74224
    ],
    [
      25,
      0.71812
    ],
    [
      26,
      0.70748
    ],
    [
      27,
      0.68736
    ],
    [
      28,
      0.67777
    ],
    [
      29,
      0.65723
    ],
    [
      30,
      0.63584
    ],
    [
      31,
      0.62486
    ],
    [
      32,
      0.6225
    ],
    [
      33,
      0.6003
    ],
    [
      34,
      0.59197
    ],
    [
      35,
      0.58206
    ],
    [
      36,
      0.56591
    ],
    [
      37,
      0.56318
    ],
    [
      38,
      0.55486
    ],
    [
      39,
      0.54172
    ],
    [
      40,
      0.53645
    ],
    [
      41,
      0.52756
    ],
    [
      42,
      0.5223
    ],
    [
      43,
      0.50972
    ],
    [
      44,
      0.49995
    ],
    [
      45,
      0.50261
    ],
    [
      46,
      0.49434
    ],
    [
      47,
      0.49171
    ],
    [
      48,
      0.48578
    ],
    [
      49,
      0.48091
    ],
    [
      50,
      0.47752
    ],
    [
      51,
      0.46617
    ],
    [
      52,
      0.45385
    ],
    [
      53,
      0.45828
    ],
    [
      54,
      0.45438
    ],
    [
      55,
      0.44778
    ],
    [
      56,
      0.44423
    ],
    [
      57,
      0.43531
    ],
    [
      58,
      0.44555
    ],
    [
      59,
      0.43705
    ],
    [
      60,
      0.4309
    ],
    [
      61,
      0.43048
    ],
    [
      62,
      0.42153
    ],
    [
      63,
      0.4143
    ],
    [
      64,
      0.42081
    ],
    [
      65,
      0.41688
    ],
    [
      66,
      0.41816
    ],
    [
      67,
      0.41794
    ],
    [
      68,
      0.41406
    ],
    [
      69,
      0.40886
    ],
    [
      70,
      0.40198
    ],
    [
      71,
      0.40611
    ],
    [
      72,
      0.39733
    ],
    [
      73,
      0.39122
    ],
    [
      74,
      0.39474
    ],
    [
      75,
      0.39248
    ],
    [
      76,
      0.38624
    ],
    [
      77,
      0.38611
    ],
    [
      78,
      0.38796
    ],
    [
      79,
      0.37917
    ],
    [
      80,
      0.38447
    ],
    [
      81,
      0.3708
    ],
    [
      82,
      0.39304
    ],
    [
      83,
      0.3765
    ],
    [
      84,
      0.38273
    ],
    [
      85,
      0.37189
    ],
    [
      86,
      0.3686
    ],
    [
      87,
      0.37711
    ],
    [
      88,
      0.36269
    ],
    [
      89,
      0.36628
    ],
    [
      90,
      0.37329
    ],
    [
      91,
      0.36439
    ],
    [
      92,
      0.36033
    ],
    [
      93,
      0.36452
    ],
    [
      94,
      0.36268
    ],
    [
      95,
      0.35563
    ],
    [
      96,
      0.35452
    ],
    [
      97,
      0.35476
    ],
    [
      98,
      0.34905
    ],
    [
      99,
      0.35946
    ],
    [
      100,
      0.35647
    ]
  ],
  "loss_conf": [
    [
      1,
      0.00687
    ],
    [
      2,
      0.00974
    ],
    [
      3,
      0.01262
    ],
    [
      4,
      0.01405
    ],
    [
      5,
      0.01475
    ],
    [
      6,
      0.01503
    ],
    [
      7,
      0.01517
    ],
    [
      8,
      0.01495
    ],
    [
      9,
      0.01466
    ],
    [
      10,
      0.01426
    ],
    [
      11,
      0.01376
    ],
    [
      12,
      0.01306
    ],
    [
      13,
      0.01237
    ],
    [
      14,
      0.01162
    ],
    [
      15,
      0.01091
    ],
    [
      16,
      0.01018
    ],
    [
      17,
      0.00947
    ],
    [
      18,
      0.00888
    ],
    [
      19,
      0.00839
    ],
    [
      20,
      0.00803
    ],
    [
      21,
      0.00771
    ],
    [
      22,
      0.00746
    ],
    [
      23,
      0.00723
    ],
    [
      24,
      0.00707
    ],
    [
      25,
      0.00688
    ],
    [
      26,
      0.00675
    ],
    [
      27,
      0.00663
    ],
    [
      28,
      0.00652
    ],
    [
      29,
      0.0064
    ],
    [
      30,
      0.00632
    ],
    [
      31,
      0.00623
    ],
    [
      32,
      0.00616
    ],
    [
      33,
      0.0061
    ],
    [
      34,
      0.006
    ],
    [
      35,
      0.00594
    ],
    [
      36,
      0.00586
    ],
    [
      37,
      0.0058
    ],
    [
      38,
      0.00575
    ],
    [
      39,
      0.0057
    ],
    [
      40,
      0.00564
    ],
    [
      41,
      0.00562
    ],
    [
      42,
      0.00556
    ],
    [
      43,
      0.00552
    ],
    [
      44,
      0.00549
    ],
    [
      45,
      0.00544
    ],
    [
      46,
      0.0054
    ],
    [
      47,
      0.00536
    ],
    [
      48,
      0.00532
    ],
    [
      49,
      0.00529
    ],
    [
      50,
      0.00523
    ],
    [
      51,
      0.00521
    ],
    [
      52,
      0.00516
    ],
    [
      53,
      0.00514
    ],
    [
      54,
      0.00511
    ],
    [
      55,
      0.00509
    ],
    [
      56,
      0.00504
    ],
    [
      57,
      0.00499
    ],
    [
      58,
      0.00499
    ],
    [
      59,
      0.00496
    ],
    [
      60,
      0.00492
    ],
    [
      61,
      0.00489
    ],
    [
      62,
      0.00484
    ],
    [
      63,
      0.00482
    ],
    [
      64,
      0.00481
    ],
    [
      65,
      0.00478
    ],
    [
      66,
      0.00475
    ],
    [
      67,
      0.00473
    ],
    [
      68,
      0.00471
    ],
    [
      69,
      0.00468
    ],
    [
      70,
      0.00464
    ],
    [
      71,
      0.00462
    ],
    [
      72,
      0.00461
    ],
    [
      73,
      0.0046
    ],
    [
      74,
      0.00457
    ],
    [
      75,
      0.00453
    ],
    [
      76,
      0.00451
    ],
    [
      77,
      0.00449
    ],
    [
      78,
      0.0045
    ],
    [
      79,
      0.00445
    ],
    [
      80,
      0.00445
    ],
    [
      81,
      0.0044
    ],
    [
      82,
      0.00443
    ],
    [
      83,
      0.00441
    ],
    [
      84,
      0.00438
    ],
    [
      85,
      0.00434
    ],
    [
      86,
      0.00433
    ],
    [
      87,
      0.00431
    ],
    [
      88,
      0.0043
    ],
    [
      89,
      0.00428
    ],
    [
      90,
      0.00428
    ],
    [
      91,
      0.00425
    ],
    [
      92,
      0.00422
    ],
    [
      93,
      0.00422
    ],
    [
      94,
      0.00419
    ],
    [
      95,
      0.00418
    ],
    [
      96,
      0.00417
    ],
    [
      97,
      0.00418
    ],
    [
      98,
      0.00414
    ],
    [
      99,
      0.00416
    ],
    [
      100,
      0.0041
    ]
  ],
  "loss_pos": [
    [
      1,
      0.12446
    ],
    [
      2,
      0.10419
    ],
    [
      3,
      0.08258
    ],
    [
      4,
      0.06803
    ],
    [
      5,
      0.05715
    ],
    [
      6,
      0.05011
    ],
    [
      7,
      0.04411
    ],
    [
      8,
      0.04057
    ],
    [
      9,
      0.03807
    ],
    [
      10,
      0.03546
    ],
    [
      11,
      0.03348
    ],
    [
      12,
      0.03214
    ],
    [
      13,
      0.03095
    ],
    [
      14,
      0.02977
    ],
    [
      15,
      0.02908
    ],
    [
      16,
      0.0281
    ],
    [
      17,
      0.02723
    ],
    [
      18,
      0.02686
    ],
    [
      19,
      0.02604
    ],
    [
      20,
      0.02564
    ],
    [
      21,
      0.0253
    ],
    [
      22,
      0.02504
    ],
    [
      23,
      0.02515
    ],
    [
      24,
      0.02474
    ],
    [
      25,
      0.02399
    ],
    [
      26,
      0.02427
    ],
    [
      27,
      0.02374
    ],
    [
      28,
      0.02414
    ],
    [
      29,
      0.02321
    ],
    [
      30,
      0.02279
    ],
    [
      31,
      0.02255
    ],
    [
      32,
      0.02333
    ],
    [
      33,
      0.02252
    ],
    [
      34,
      0.02243
    ],
    [
      35,
      0.02216
    ],
    [
      36,
      0.02193
    ],
    [
      37,
      0.02192
    ],
    [
      38,
      0.02185
    ],
    [
      39,
      0.02167
    ],
    [
      40,
      0.02171
    ],
    [
      41,
      0.0215
    ],
    [
      42,
      0.02155
    ],
    [
      43,
      0.02084
    ],
    [
      44,
      0.02066
    ],
    [
      45,
      0.02101
    ],
    [
      46,
      0.02086
    ],
    [
      47,
      0.02079
    ],
    [
      48,
      0.0204
    ],
    [
      49,
      0.02036
    ],
    [
      50,
      0.0205
    ],
    [
      51,
      0.02008
    ],
    [
      52,
      0.01921
    ],
    [
      53,
      0.01964
    ],
    [
      54,
      0.01962
    ],
    [
      55,
      0.01941
    ],
    [
      56,
      0.01929
    ],
    [
      57,
      0.01885
    ],
    [
      58,
      0.01949
    ],
    [
      59,
      0.01911
    ],
    [
      60,
      0.01886
    ],
    [
      61,
      0.01894
    ],
    [
      62,
      0.01853
    ],
    [
      63,
      0.01813
    ],
    [
      64,
      0.01865
    ],
    [
      65,
      0.01849
    ],
    [
      66,
      0.01874
    ],
    [
      67,
      0.01867
    ],
    [
      68,
      0.01852
    ],
    [
      69,
      0.01834
    ],
    [
      70,
      0.01806
    ],
    [
      71,
      0.01818
    ],
    [
      72,
      0.01772
    ],
    [
      73,
      0.01744
    ],
    [
      74,
      0.01768
    ],
    [
      75,
      0.0177
    ],
    [
      76,
      0.01729
    ],
    [
      77,
      0.01734
    ],
    [
      78,
      0.01755
    ],
    [
      79,
      0.01708
    ],
    [
      80,
      0.01732
    ],
    [
      81,
      0.01664
    ],
    [
      82,
      0.01792
    ],
    [
      83,
      0.01693
    ],
    [
      84,
      0.01735
    ],
    [
      85,
      0.01676
    ],
    [
      86,
      0.01669
    ],
    [
      87,
      0.01709
    ],
    [
      88,
      0.01641
    ],
    [
      89,
      0.01652
    ],
    [
      90,
      0.01705
    ],
    [
      91,
      0.01653
    ],
    [
      92,
      0.01636
    ],
    [
      93,
      0.01659
    ],
    [
      94,
      0.01657
    ],
    [
      95,
      0.01615
    ],
    [
      96,
      0.01603
    ],
    [
      97,
      0.0161
    ],
    [
      98,
      0.01582
    ],
    [
      99,
      0.01637
    ],
    [
      100,
      0.01642
    ]
  ],
  "loss_class": [
    [
      1,
      0.04786
    ],
    [
      2,
      0.04344
    ],
    [
      3,
      0.04139
    ],
    [
      4,
      0.0403
    ],
    [
      5,
      0.03898
    ],
    [
      6,
      0.03775
    ],
    [
      7,
      0.03666
    ],
    [
      8,
      0.03513
    ],
    [
      9,
      0.0338
    ],
    [
      10,
      0.03233
    ],
    [
      11,
      0.03076
    ],
    [
      12,
      0.02931
    ],
    [
      13,
      0.02788
    ],
    [
      14,
      0.02631
    ],
    [
      15,
      0.02466
    ],
    [
      16,
      0.02351
    ],
    [
      17,
      0.02236
    ],
    [
      18,
      0.02099
    ],
    [
      19,
      0.01971
    ],
    [
      20,
      0.01866
    ],
    [
      21,
      0.01756
    ],
    [
      22,
      0.01649
    ],
    [
      23,
      0.01573
    ],
    [
      24,
      0.01458
    ],
    [
      25,
      0.01401
    ],
    [
      26,
      0.0132
    ],
    [
      27,
      0.01258
    ],
    [
      28,
      0.0117
    ],
    [
      29,
      0.01147
    ],
    [
      30,
      0.01063
    ],
    [
      31,
      0.01027
    ],
    [
      32,
      0.00943
    ],
    [
      33,
      0.0089
    ],
    [
      34,
      0.00856
    ],
    [
      35,
      0.00828
    ],
    [
      36,
      0.00758
    ],
    [
      37,
      0.00747
    ],
    [
      38,
      0.00707
    ],
    [
      39,
      0.00649
    ],
    [
      40,
      0.00618
    ],
    [
      41,
      0.00585
    ],
    [
      42,
      0.00552
    ],
    [
      43,
      0.0055
    ],
    [
      44,
      0.0051
    ],
    [
      45,
      0.00496
    ],
    [
      46,
      0.00464
    ],
    [
      47,
      0.00458
    ],
    [
      48,
      0.00464
    ],
    [
      49,
      0.00441
    ],
    [
      50,
      0.00411
    ],
    [
      51,
      0.00385
    ],
    [
      52,
      0.00399
    ],
    [
      53,
      0.00386
    ],
    [
      54,
      0.00367
    ],
    [
      55,
      0.00349
    ],
    [
      56,
      0.00344
    ],
    [
      57,
      0.00336
    ],
    [
      58,
      0.00336
    ],
    [
      59,
      0.00324
    ],
    [
      60,
      0.00314
    ],
    [
      61,
      0.00308
    ],
    [
      62,
      0.00297
    ],
    [
      63,
      0.00295
    ],
    [
      64,
      0.00284
    ],
    [
      65,
      0.00279
    ],
    [
      66,
      0.00264
    ],
    [
      67,
      0.00272
    ],
    [
      68,
      0.00264
    ],
    [
      69,
      0.00254
    ],
    [
      70,
      0.00243
    ],
    [
      71,
      0.00258
    ],
    [
      72,
      0.0025
    ],
    [
      73,
      0.00242
    ],
    [
      74,
      0.00243
    ],
    [
      75,
      0.0023
    ],
    [
      76,
      0.00234
    ],
    [
      77,
      0.0023
    ],
    [
      78,
      0.0022
    ],
    [
      79,
      0.00217
    ],
    [
      80,
      0.00226
    ],
    [
      81,
      0.00213
    ],
    [
      82,
      0.00222
    ],
    [
      83,
      0.00219
    ],
    [
      84,
      0.00218
    ],
    [
      85,
      0.00215
    ],
    [
      86,
      0.00202
    ],
    [
      87,
      0.00217
    ],
    [
      88,
      0.00196
    ],
    [
      89,
      0.00209
    ],
    [
      90,
      0.00201
    ],
    [
      91,
      0.002
    ],
    [
      92,
      0.00194
    ],
    [
      93,
      0.00197
    ],
    [
      94,
      0.00191
    ],
    [
      95,
      0.0019
    ],
    [
      96,
      0.00196
    ],
    [
      97,
      0.0019
    ],
    [
      98,
      0.00186
    ],
    [
      99,
      0.00194
    ],
    [
      100,
      0.00177
    ]
  ],
  "lr": [
    [
      1,
      0.001
    ],
    [
      2,
      0.00098
    ],
    [
      3,
      0.00095
    ],
    [
      4,
      0.00093
    ],
    [
      5,
      0.00091
    ],
    [
      6,
      0.00089
    ],
    [
      7,
      0.00087
    ],
    [
      8,
      0.00085
    ],
    [
      9,
      0.00083
    ],
    [
      10,
      0.00081
    ],
    [
      11,
      0.00079
    ],
    [
      12,
      0.00078
    ],
    [
      13,
      0.00076
    ],
    [
      14,
      0.00074
    ],
    [
      15,
      0.00072
    ],
    [
      16,
      0.00071
    ],
    [
      17,
      0.00069
    ],
    [
      18,
      0.00068
    ],
    [
      19,
      0.00066
    ],
    [
      20,
      0.00065
    ],
    [
      21,
      0.00063
    ],
    [
      22,
      0.00062
    ],
    [
      23,
      0.0006
    ],
    [
      24,
      0.00059
    ],
    [
      25,
      0.00058
    ],
    [
      26,
      0.00056
    ],
    [
      27,
      0.00055
    ],
    [
      28,
      0.00054
    ],
    [
      29,
      0.00052
    ],
    [
      30,
      0.00051
    ],
    [
      31,
      0.0005
    ],
    [
      32,
      0.00049
    ],
    [
      33,
      0.00048
    ],
    [
      34,
      0.00047
    ],
    [
      35,
      0.00046
    ],
    [
      36,
      0.00045
    ],
    [
      37,
      0.00044
    ],
    [
      38,
      0.00043
    ],
    [
      39,
      0.00042
    ],
    [
      40,
      0.00041
    ],
    [
      41,
      0.0004
    ],
    [
      42,
      0.00039
    ],
    [
      43,
      0.00038
    ],
    [
      44,
      0.00037
    ],
    [
      45,
      0.00036
    ],
    [
      46,
      0.00035
    ],
    [
      47,
      0.00035
    ],
    [
      48,
      0.00034
    ],
    [
      49,
      0.00033
    ],
    [
      50,
      0.00032
    ],
    [
      51,
      0.00032
    ],
    [
      52,
      0.00031
    ],
    [
      53,
      0.0003
    ],
    [
      54,
      0.0003
    ],
    [
      55,
      0.00029
    ],
    [
      56,
      0.00028
    ],
    [
      57,
      0.00028
    ],
    [
      58,
      0.00027
    ],
    [
      59,
      0.00026
    ],
    [
      60,
      0.00026
    ],
    [
      61,
      0.00025
    ],
    [
      62,
      0.00025
    ],
    [
      63,
      0.00024
    ],
    [
      64,
      0.00023
    ],
    [
      65,
      0.00023
    ],
    [
      66,
      0.00022
    ],
    [
      67,
      0.00022
    ],
    [
      68,
      0.00021
    ],
    [
      69,
      0.00021
    ],
    [
      70,
      0.0002
    ],
    [
      71,
      0.0002
    ],
    [
      72,
      0.00019
    ],
    [
      73,
      0.00019
    ],
    [
      74,
      0.00019
    ],
    [
      75,
      0.00018
    ],
    [
      76,
      0.00018
    ],
    [
      77,
      0.00017
    ],
    [
      78,
      0.00017
    ],
    [
      79,
      0.00017
    ],
    [
      80,
      0.00016
    ],
    [
      81,
      0.00016
    ],
    [
      82,
      0.00015
    ],
    [
      83,
      0.00015
    ],
    [
      84,
      0.00015
    ],
    [
      85,
      0.00014
    ],
    [
      86,
      0.00014
    ],
    [
      87,
      0.00014
    ],
    [
      88,
      0.00013
    ],
    [
      89,
      0.00013
    ],
    [
      90,
      0.00013
    ],
    [
      91,
      0.00013
    ],
    [
      92,
      0.00012
    ],
    [
      93,
      0.00012
    ],
    [
      94,
      0.00012
    ],
    [
      95,
      0.00011
    ],
    [
      96,
      0.00011
    ],
    [
      97,
      0.00011
    ],
    [
      98,
      0.00011
    ],
    [
      99,
      0.0001
    ],
    [
      100,
      0.0001
    ]
  ],
  "val_acc": [
    [
      10,
      0.0
    ],
    [
      20,
      0.20455
    ],
    [
      30,
      0.78788
    ],
    [
      40,
      0.83333
    ],
    [
      50,
      0.93561
    ],
    [
      60,
      0.96364
    ],
    [
      70,
      0.92955
    ],
    [
      80,
      1.0
    ],
    [
      90,
      0.98864
    ],
    [
      100,
      0.98864
    ]
  ],
  "val_acc_dogclip": [
    [
      10,
      0.0
    ],
    [
      20,
      0.81818
    ],
    [
      30,
      1.0
    ],
    [
      40,
      1.0
    ],
    [
      50,
      1.0
    ],
    [
      60,
      1.0
    ],
    [
      70,
      1.0
    ],
    [
      80,
      1.0
    ],
    [
      90,
      1.0
    ],
    [
      100,
      1.0
    ]
  ],
  "val_acc_leafairy": [
    [
      10,
      0.0
    ],
    [
      20,
      0.0
    ],
    [
      30,
      0.78788
    ],
    [
      40,
      0.78788
    ],
    [
      50,
      0.78788
    ],
    [
      60,
      1.0
    ],
    [
      70,
      1.0
    ],
    [
      80,
      1.0
    ],
    [
      90,
      1.0
    ],
    [
      100,
      1.0
    ]
  ],
  "val_acc_whitefish": [
    [
      10,
      0.0
    ],
    [
      20,
      0.0
    ],
    [
      30,
      0.63636
    ],
    [
      40,
      0.72727
    ],
    [
      50,
      1.0
    ],
    [
      60,
      0.9
    ],
    [
      70,
      0.9
    ],
    [
      80,
      1.0
    ],
    [
      90,
      1.0
    ],
    [
      100,
      1.0
    ]
  ],
  "val_acc_bluefish": [
    [
      10,
      0.0
    ],
    [
      20,
      0.0
    ],
    [
      30,
      0.72727
    ],
    [
      40,
      0.81818
    ],
    [
      50,
      0.95455
    ],
    [
      60,
      0.95455
    ],
    [
      70,
      0.81818
    ],
    [
      80,
      1.0
    ],
    [
      90,
      0.95455
    ],
    [
      100,
      0.95455
    ]
  ],
  "mean": 0,
  "std": 255,
  "label_type": "detection",
  "data_type": "image",
  "labels": [
    "dogclip",
    "leafairy",
    "whitefish",
    "bluefish"
  ],
  "best_eval": {
    "epoch": 80,
    "val_acc": 1.0,
    "val_info": [
      {
        "name": "4e2eef41aa5d42219f23a0d811bd32fc.jpg",
        "nickname": "0401145431_device.jpg",
        "pred": [
          [
            155,
            195,
            233,
            265,
            0.8972339034080505,
            3.0
          ]
        ],
        "gt": [
          [
            163,
            201,
            230,
            264,
            1.0,
            3.0
          ]
        ],
        "ok": true
      },
      {
        "name": "6b5ce838c3bd456a8db73fec2f5bc894.jpg",
        "nickname": "0401144717_device.jpg",
        "pred": [
          [
            177,
            68,
            238,
            124,
            0.7446538805961609,
            3.0
          ]
        ],
        "gt": [
          [
            180,
            67,
            238,
            123,
            1.0,
            3.0
          ]
        ],
        "ok": true
      },
      {
        "name": "d392ac472a134237949b18b04fd3c71b.jpg",
        "nickname": "0401144425_device.jpg",
        "pred": [
          [
            149,
            69,
            200,
            137,
            0.849677324295044,
            1.0
          ]
        ],
        "gt": [
          [
            152,
            72,
            199,
            137,
            1.0,
            1.0
          ]
        ],
        "ok": true
      },
      {
        "name": "e19bbe390ef64a5faacef6f12aed1ce7.jpg",
        "nickname": "0324191254_device_95.jpg",
        "pred": [
          [
            212,
            103,
            305,
            260,
            0.6695307493209839,
            0.0
          ]
        ],
        "gt": [
          [
            212,
            87,
            279,
            282,
            1.0,
            0.0
          ]
        ],
        "ok": true
      },
      {
        "name": "cae44234cc054b9d92e6af4796898e23.jpg",
        "nickname": "0401150519_device.jpg",
        "pred": [
          [
            149,
            188,
            218,
            272,
            0.8554026484489441,
            0.0
          ]
        ],
        "gt": [
          [
            149,
            186,
            217,
            275,
            1.0,
            0.0
          ]
        ],
        "ok": true
      },
      {
        "name": "0e9e74bf6c2441b7a1e72ab8e3bfa142.jpg",
        "nickname": "0401144508_device.jpg",
        "pred": [
          [
            199,
            2,
            243,
            81,
            0.844887375831604,
            1.0
          ]
        ],
        "gt": [
          [
            199,
            0,
            243,
            82,
            1.0,
            1.0
          ]
        ],
        "ok": true
      },
      {
        "name": "37d3b7b4579f4bdf9d568cdcadb627ea.jpg",
        "nickname": "0401145819_device.jpg",
        "pred": [
          [
            239,
            18,
            317,
            69,
            0.8478732109069824,
            2.0
          ]
        ],
        "gt": [
          [
            243,
            17,
            314,
            71,
            1.0,
            2.0
          ]
        ],
        "ok": true
      },
      {
        "name": "7718043407d3422d9e26046ca589be09.jpg",
        "nickname": "0401150357_device.jpg",
        "pred": [
          [
            166,
            387,
            240,
            413,
            0.70896315574646,
            2.0
          ]
        ],
        "gt": [
          [
            173,
            386,
            236,
            412,
            1.0,
            2.0
          ]
        ],
        "ok": true
      }
    ]
  }
}