{
  "anchors": [
    10,
    13,
    16,
    30,
    33,
    23,
    30,
    61,
    62,
    45,
    59,
    119,
    116,
    90,
    156,
    198,
    373,
    326
  ],
  "inputs": {
    "input0": [
      224,
      224,
      3
    ]
  },
  "outputs": {
    "output0": [
      28,
      28,
      27
    ],
    "output1": [
      14,
      14,
      27
    ],
    "output2": [
      7,
      7,
      27
    ]
  },
  "params_quantity": 7030417,
  "loss": [
    [
      1,
      5.5004
    ],
    [
      2,
      4.82381
    ],
    [
      3,
      4.31004
    ],
    [
      4,
      3.82821
    ],
    [
      5,
      3.43844
    ],
    [
      6,
      3.21231
    ],
    [
      7,
      2.99637
    ],
    [
      8,
      2.84492
    ],
    [
      9,
      2.67753
    ],
    [
      10,
      2.55917
    ],
    [
      11,
      2.43144
    ],
    [
      12,
      2.31573
    ],
    [
      13,
      2.20596
    ],
    [
      14,
      2.11924
    ],
    [
      15,
      2.01797
    ],
    [
      16,
      1.93784
    ],
    [
      17,
      1.85072
    ],
    [
      18,
      1.80473
    ],
    [
      19,
      1.71727
    ],
    [
      20,
      1.67484
    ],
    [
      21,
      1.63971
    ],
    [
      22,
      1.60496
    ],
    [
      23,
      1.52471
    ],
    [
      24,
      1.49444
    ],
    [
      25,
      1.46655
    ],
    [
      26,
      1.4377
    ],
    [
      27,
      1.36931
    ],
    [
      28,
      1.37242
    ],
    [
      29,
      1.35148
    ],
    [
      30,
      1.33586
    ],
    [
      31,
      1.29443
    ],
    [
      32,
      1.26984
    ],
    [
      33,
      1.26646
    ],
    [
      34,
      1.2122
    ],
    [
      35,
      1.22292
    ],
    [
      36,
      1.22084
    ],
    [
      37,
      1.17981
    ],
    [
      38,
      1.13536
    ],
    [
      39,
      1.14634
    ],
    [
      40,
      1.11024
    ],
    [
      41,
      1.12907
    ],
    [
      42,
      1.08426
    ],
    [
      43,
      1.04
    ],
    [
      44,
      1.05393
    ],
    [
      45,
      1.03977
    ],
    [
      46,
      1.03041
    ],
    [
      47,
      1.0093
    ],
    [
      48,
      0.9948
    ],
    [
      49,
      0.97754
    ],
    [
      50,
      0.98456
    ],
    [
      51,
      0.96924
    ],
    [
      52,
      0.95306
    ],
    [
      53,
      0.92084
    ],
    [
      54,
      0.92322
    ],
    [
      55,
      0.91264
    ],
    [
      56,
      0.87757
    ],
    [
      57,
      0.91589
    ],
    [
      58,
      0.87507
    ],
    [
      59,
      0.88725
    ],
    [
      60,
      0.8687
    ],
    [
      61,
      0.87232
    ],
    [
      62,
      0.86143
    ],
    [
      63,
      0.84998
    ],
    [
      64,
      0.83289
    ],
    [
      65,
      0.8253
    ],
    [
      66,
      0.83948
    ],
    [
      67,
      0.80784
    ],
    [
      68,
      0.83122
    ],
    [
      69,
      0.81559
    ],
    [
      70,
      0.7845
    ],
    [
      71,
      0.81295
    ],
    [
      72,
      0.79826
    ],
    [
      73,
      0.80304
    ],
    [
      74,
      0.784
    ],
    [
      75,
      0.77521
    ],
    [
      76,
      0.77791
    ],
    [
      77,
      0.77106
    ],
    [
      78,
      0.79656
    ],
    [
      79,
      0.78983
    ],
    [
      80,
      0.77394
    ],
    [
      81,
      0.75996
    ],
    [
      82,
      0.75656
    ],
    [
      83,
      0.78245
    ],
    [
      84,
      0.73914
    ],
    [
      85,
      0.76447
    ],
    [
      86,
      0.74668
    ],
    [
      87,
      0.72915
    ],
    [
      88,
      0.73038
    ],
    [
      89,
      0.72236
    ],
    [
      90,
      0.73069
    ],
    [
      91,
      0.73729
    ],
    [
      92,
      0.74489
    ],
    [
      93,
      0.72505
    ],
    [
      94,
      0.71509
    ],
    [
      95,
      0.72679
    ],
    [
      96,
      0.72087
    ],
    [
      97,
      0.71313
    ],
    [
      98,
      0.68464
    ],
    [
      99,
      0.69737
    ],
    [
      100,
      0.68924
    ],
    [
      101,
      0.70185
    ],
    [
      102,
      0.70096
    ],
    [
      103,
      0.71376
    ],
    [
      104,
      0.67577
    ],
    [
      105,
      0.67452
    ],
    [
      106,
      0.67634
    ],
    [
      107,
      0.66946
    ],
    [
      108,
      0.66849
    ],
    [
      109,
      0.67181
    ],
    [
      110,
      0.66168
    ],
    [
      111,
      0.66025
    ],
    [
      112,
      0.67552
    ],
    [
      113,
      0.66359
    ],
    [
      114,
      0.6725
    ],
    [
      115,
      0.65468
    ],
    [
      116,
      0.65713
    ],
    [
      117,
      0.65694
    ],
    [
      118,
      0.66787
    ],
    [
      119,
      0.67239
    ],
    [
      120,
      0.65948
    ],
    [
      121,
      0.65062
    ],
    [
      122,
      0.6498
    ],
    [
      123,
      0.64784
    ],
    [
      124,
      0.63344
    ],
    [
      125,
      0.64415
    ],
    [
      126,
      0.62399
    ],
    [
      127,
      0.64025
    ],
    [
      128,
      0.63506
    ],
    [
      129,
      0.64138
    ],
    [
      130,
      0.62022
    ],
    [
      131,
      0.63741
    ],
    [
      132,
      0.61398
    ],
    [
      133,
      0.61738
    ],
    [
      134,
      0.61852
    ],
    [
      135,
      0.62277
    ],
    [
      136,
      0.61406
    ],
    [
      137,
      0.62441
    ],
    [
      138,
      0.60895
    ],
    [
      139,
      0.63453
    ],
    [
      140,
      0.6197
    ],
    [
      141,
      0.60746
    ],
    [
      142,
      0.6216
    ],
    [
      143,
      0.61336
    ],
    [
      144,
      0.6197
    ],
    [
      145,
      0.59718
    ],
    [
      146,
      0.60888
    ],
    [
      147,
      0.58927
    ],
    [
      148,
      0.60887
    ],
    [
      149,
      0.5963
    ],
    [
      150,
      0.59578
    ],
    [
      151,
      0.59569
    ],
    [
      152,
      0.59976
    ],
    [
      153,
      0.59917
    ],
    [
      154,
      0.60599
    ],
    [
      155,
      0.58677
    ],
    [
      156,
      0.58711
    ],
    [
      157,
      0.6048
    ],
    [
      158,
      0.57685
    ],
    [
      159,
      0.56463
    ],
    [
      160,
      0.58538
    ],
    [
      161,
      0.57594
    ],
    [
      162,
      0.55829
    ],
    [
      163,
      0.56142
    ],
    [
      164,
      0.57338
    ],
    [
      165,
      0.57629
    ],
    [
      166,
      0.5641
    ],
    [
      167,
      0.57988
    ],
    [
      168,
      0.55806
    ],
    [
      169,
      0.56762
    ],
    [
      170,
      0.56784
    ],
    [
      171,
      0.56998
    ],
    [
      172,
      0.54753
    ],
    [
      173,
      0.58089
    ],
    [
      174,
      0.5611
    ],
    [
      175,
      0.56396
    ],
    [
      176,
      0.56253
    ],
    [
      177,
      0.53648
    ],
    [
      178,
      0.56122
    ],
    [
      179,
      0.5568
    ],
    [
      180,
      0.56109
    ],
    [
      181,
      0.55428
    ],
    [
      182,
      0.55767
    ],
    [
      183,
      0.55033
    ],
    [
      184,
      0.54856
    ],
    [
      185,
      0.53177
    ],
    [
      186,
      0.53594
    ],
    [
      187,
      0.53556
    ],
    [
      188,
      0.56089
    ],
    [
      189,
      0.54476
    ],
    [
      190,
      0.53106
    ],
    [
      191,
      0.54042
    ],
    [
      192,
      0.54681
    ],
    [
      193,
      0.53649
    ],
    [
      194,
      0.53753
    ],
    [
      195,
      0.54668
    ],
    [
      196,
      0.54703
    ],
    [
      197,
      0.53738
    ],
    [
      198,
      0.51728
    ],
    [
      199,
      0.53513
    ],
    [
      200,
      0.54495
    ]
  ],
  "loss_conf": [
    [
      1,
      0.00676
    ],
    [
      2,
      0.00912
    ],
    [
      3,
      0.01106
    ],
    [
      4,
      0.01271
    ],
    [
      5,
      0.01391
    ],
    [
      6,
      0.01439
    ],
    [
      7,
      0.01473
    ],
    [
      8,
      0.01464
    ],
    [
      9,
      0.01455
    ],
    [
      10,
      0.01409
    ],
    [
      11,
      0.01365
    ],
    [
      12,
      0.01306
    ],
    [
      13,
      0.01235
    ],
    [
      14,
      0.01159
    ],
    [
      15,
      0.01106
    ],
    [
      16,
      0.01038
    ],
    [
      17,
      0.00981
    ],
    [
      18,
      0.00929
    ],
    [
      19,
      0.00886
    ],
    [
      20,
      0.0085
    ],
    [
      21,
      0.00818
    ],
    [
      22,
      0.0079
    ],
    [
      23,
      0.00777
    ],
    [
      24,
      0.00761
    ],
    [
      25,
      0.00744
    ],
    [
      26,
      0.00734
    ],
    [
      27,
      0.0072
    ],
    [
      28,
      0.00711
    ],
    [
      29,
      0.00704
    ],
    [
      30,
      0.00691
    ],
    [
      31,
      0.00683
    ],
    [
      32,
      0.00672
    ],
    [
      33,
      0.00666
    ],
    [
      34,
      0.00658
    ],
    [
      35,
      0.00649
    ],
    [
      36,
      0.00648
    ],
    [
      37,
      0.0064
    ],
    [
      38,
      0.00636
    ],
    [
      39,
      0.00627
    ],
    [
      40,
      0.0062
    ],
    [
      41,
      0.00617
    ],
    [
      42,
      0.00614
    ],
    [
      43,
      0.00608
    ],
    [
      44,
      0.00603
    ],
    [
      45,
      0.00595
    ],
    [
      46,
      0.00595
    ],
    [
      47,
      0.0059
    ],
    [
      48,
      0.00585
    ],
    [
      49,
      0.00578
    ],
    [
      50,
      0.00575
    ],
    [
      51,
      0.00575
    ],
    [
      52,
      0.0057
    ],
    [
      53,
      0.00565
    ],
    [
      54,
      0.0056
    ],
    [
      55,
      0.0056
    ],
    [
      56,
      0.00551
    ],
    [
      57,
      0.0055
    ],
    [
      58,
      0.00545
    ],
    [
      59,
      0.00545
    ],
    [
      60,
      0.00538
    ],
    [
      61,
      0.00537
    ],
    [
      62,
      0.00534
    ],
    [
      63,
      0.00531
    ],
    [
      64,
      0.00527
    ],
    [
      65,
      0.00527
    ],
    [
      66,
      0.00524
    ],
    [
      67,
      0.00517
    ],
    [
      68,
      0.00515
    ],
    [
      69,
      0.00512
    ],
    [
      70,
      0.00508
    ],
    [
      71,
      0.00505
    ],
    [
      72,
      0.00504
    ],
    [
      73,
      0.005
    ],
    [
      74,
      0.00497
    ],
    [
      75,
      0.00498
    ],
    [
      76,
      0.00493
    ],
    [
      77,
      0.00488
    ],
    [
      78,
      0.00493
    ],
    [
      79,
      0.0049
    ],
    [
      80,
      0.00486
    ],
    [
      81,
      0.00481
    ],
    [
      82,
      0.0048
    ],
    [
      83,
      0.00479
    ],
    [
      84,
      0.00476
    ],
    [
      85,
      0.00474
    ],
    [
      86,
      0.0047
    ],
    [
      87,
      0.0047
    ],
    [
      88,
      0.00469
    ],
    [
      89,
      0.00465
    ],
    [
      90,
      0.00462
    ],
    [
      91,
      0.00465
    ],
    [
      92,
      0.00461
    ],
    [
      93,
      0.00459
    ],
    [
      94,
      0.00455
    ],
    [
      95,
      0.00455
    ],
    [
      96,
      0.00456
    ],
    [
      97,
      0.00452
    ],
    [
      98,
      0.00448
    ],
    [
      99,
      0.00448
    ],
    [
      100,
      0.00442
    ],
    [
      101,
      0.00444
    ],
    [
      102,
      0.00444
    ],
    [
      103,
      0.00443
    ],
    [
      104,
      0.00437
    ],
    [
      105,
      0.00433
    ],
    [
      106,
      0.00434
    ],
    [
      107,
      0.00431
    ],
    [
      108,
      0.00427
    ],
    [
      109,
      0.00427
    ],
    [
      110,
      0.00427
    ],
    [
      111,
      0.00427
    ],
    [
      112,
      0.00423
    ],
    [
      113,
      0.00424
    ],
    [
      114,
      0.00422
    ],
    [
      115,
      0.00417
    ],
    [
      116,
      0.00415
    ],
    [
      117,
      0.00419
    ],
    [
      118,
      0.00413
    ],
    [
      119,
      0.00414
    ],
    [
      120,
      0.00412
    ],
    [
      121,
      0.0041
    ],
    [
      122,
      0.00409
    ],
    [
      123,
      0.00411
    ],
    [
      124,
      0.00409
    ],
    [
      125,
      0.00405
    ],
    [
      126,
      0.00406
    ],
    [
      127,
      0.00403
    ],
    [
      128,
      0.004
    ],
    [
      129,
      0.00399
    ],
    [
      130,
      0.00397
    ],
    [
      131,
      0.00398
    ],
    [
      132,
      0.00395
    ],
    [
      133,
      0.00393
    ],
    [
      134,
      0.00393
    ],
    [
      135,
      0.00392
    ],
    [
      136,
      0.00391
    ],
    [
      137,
      0.0039
    ],
    [
      138,
      0.00386
    ],
    [
      139,
      0.00391
    ],
    [
      140,
      0.00389
    ],
    [
      141,
      0.00385
    ],
    [
      142,
      0.00386
    ],
    [
      143,
      0.00383
    ],
    [
      144,
      0.00382
    ],
    [
      145,
      0.00382
    ],
    [
      146,
      0.0038
    ],
    [
      147,
      0.00378
    ],
    [
      148,
      0.00377
    ],
    [
      149,
      0.00374
    ],
    [
      150,
      0.00375
    ],
    [
      151,
      0.00372
    ],
    [
      152,
      0.00372
    ],
    [
      153,
      0.00371
    ],
    [
      154,
      0.00373
    ],
    [
      155,
      0.00367
    ],
    [
      156,
      0.00365
    ],
    [
      157,
      0.00366
    ],
    [
      158,
      0.00366
    ],
    [
      159,
      0.00361
    ],
    [
      160,
      0.00364
    ],
    [
      161,
      0.00361
    ],
    [
      162,
      0.00355
    ],
    [
      163,
      0.00357
    ],
    [
      164,
      0.0036
    ],
    [
      165,
      0.0036
    ],
    [
      166,
      0.00357
    ],
    [
      167,
      0.00357
    ],
    [
      168,
      0.00353
    ],
    [
      169,
      0.00354
    ],
    [
      170,
      0.00353
    ],
    [
      171,
      0.00354
    ],
    [
      172,
      0.00347
    ],
    [
      173,
      0.00349
    ],
    [
      174,
      0.00348
    ],
    [
      175,
      0.00347
    ],
    [
      176,
      0.00347
    ],
    [
      177,
      0.00344
    ],
    [
      178,
      0.00348
    ],
    [
      179,
      0.00344
    ],
    [
      180,
      0.00342
    ],
    [
      181,
      0.00343
    ],
    [
      182,
      0.00341
    ],
    [
      183,
      0.00341
    ],
    [
      184,
      0.00339
    ],
    [
      185,
      0.00336
    ],
    [
      186,
      0.00336
    ],
    [
      187,
      0.00335
    ],
    [
      188,
      0.00342
    ],
    [
      189,
      0.00334
    ],
    [
      190,
      0.00332
    ],
    [
      191,
      0.00332
    ],
    [
      192,
      0.00332
    ],
    [
      193,
      0.00332
    ],
    [
      194,
      0.0033
    ],
    [
      195,
      0.0033
    ],
    [
      196,
      0.0033
    ],
    [
      197,
      0.00329
    ],
    [
      198,
      0.00327
    ],
    [
      199,
      0.00329
    ],
    [
      200,
      0.00326
    ]
  ],
  "loss_pos": [
    [
      1,
      0.12618
    ],
    [
      2,
      0.10619
    ],
    [
      3,
      0.09006
    ],
    [
      4,
      0.07432
    ],
    [
      5,
      0.06179
    ],
    [
      6,
      0.05529
    ],
    [
      7,
      0.04916
    ],
    [
      8,
      0.0454
    ],
    [
      9,
      0.04143
    ],
    [
      10,
      0.03934
    ],
    [
      11,
      0.0373
    ],
    [
      12,
      0.03519
    ],
    [
      13,
      0.03404
    ],
    [
      14,
      0.03292
    ],
    [
      15,
      0.03168
    ],
    [
      16,
      0.03096
    ],
    [
      17,
      0.02998
    ],
    [
      18,
      0.02969
    ],
    [
      19,
      0.02816
    ],
    [
      20,
      0.02824
    ],
    [
      21,
      0.02839
    ],
    [
      22,
      0.02816
    ],
    [
      23,
      0.02648
    ],
    [
      24,
      0.02636
    ],
    [
      25,
      0.02609
    ],
    [
      26,
      0.02594
    ],
    [
      27,
      0.02438
    ],
    [
      28,
      0.02471
    ],
    [
      29,
      0.02502
    ],
    [
      30,
      0.02492
    ],
    [
      31,
      0.02415
    ],
    [
      32,
      0.02363
    ],
    [
      33,
      0.02404
    ],
    [
      34,
      0.02303
    ],
    [
      35,
      0.0235
    ],
    [
      36,
      0.02365
    ],
    [
      37,
      0.02304
    ],
    [
      38,
      0.02206
    ],
    [
      39,
      0.02304
    ],
    [
      40,
      0.02232
    ],
    [
      41,
      0.02283
    ],
    [
      42,
      0.02192
    ],
    [
      43,
      0.02133
    ],
    [
      44,
      0.02182
    ],
    [
      45,
      0.02175
    ],
    [
      46,
      0.02205
    ],
    [
      47,
      0.02164
    ],
    [
      48,
      0.02151
    ],
    [
      49,
      0.02119
    ],
    [
      50,
      0.02166
    ],
    [
      51,
      0.02105
    ],
    [
      52,
      0.02129
    ],
    [
      53,
      0.02026
    ],
    [
      54,
      0.02044
    ],
    [
      55,
      0.0205
    ],
    [
      56,
      0.0197
    ],
    [
      57,
      0.02103
    ],
    [
      58,
      0.01993
    ],
    [
      59,
      0.02028
    ],
    [
      60,
      0.01994
    ],
    [
      61,
      0.02017
    ],
    [
      62,
      0.01975
    ],
    [
      63,
      0.01947
    ],
    [
      64,
      0.01909
    ],
    [
      65,
      0.01891
    ],
    [
      66,
      0.01976
    ],
    [
      67,
      0.01875
    ],
    [
      68,
      0.01955
    ],
    [
      69,
      0.01916
    ],
    [
      70,
      0.0181
    ],
    [
      71,
      0.01901
    ],
    [
      72,
      0.01863
    ],
    [
      73,
      0.01867
    ],
    [
      74,
      0.01833
    ],
    [
      75,
      0.0182
    ],
    [
      76,
      0.01835
    ],
    [
      77,
      0.0181
    ],
    [
      78,
      0.01909
    ],
    [
      79,
      0.01867
    ],
    [
      80,
      0.01835
    ],
    [
      81,
      0.01786
    ],
    [
      82,
      0.01783
    ],
    [
      83,
      0.01853
    ],
    [
      84,
      0.01747
    ],
    [
      85,
      0.01822
    ],
    [
      86,
      0.01781
    ],
    [
      87,
      0.01724
    ],
    [
      88,
      0.01731
    ],
    [
      89,
      0.01711
    ],
    [
      90,
      0.01725
    ],
    [
      91,
      0.01795
    ],
    [
      92,
      0.01792
    ],
    [
      93,
      0.01752
    ],
    [
      94,
      0.01705
    ],
    [
      95,
      0.01728
    ],
    [
      96,
      0.01714
    ],
    [
      97,
      0.01704
    ],
    [
      98,
      0.01611
    ],
    [
      99,
      0.01659
    ],
    [
      100,
      0.01647
    ],
    [
      101,
      0.01691
    ],
    [
      102,
      0.01676
    ],
    [
      103,
      0.01727
    ],
    [
      104,
      0.01607
    ],
    [
      105,
      0.01623
    ],
    [
      106,
      0.01614
    ],
    [
      107,
      0.01594
    ],
    [
      108,
      0.01602
    ],
    [
      109,
      0.01625
    ],
    [
      110,
      0.01578
    ],
    [
      111,
      0.01566
    ],
    [
      112,
      0.01632
    ],
    [
      113,
      0.01607
    ],
    [
      114,
      0.01616
    ],
    [
      115,
      0.01576
    ],
    [
      116,
      0.01572
    ],
    [
      117,
      0.01591
    ],
    [
      118,
      0.01611
    ],
    [
      119,
      0.01636
    ],
    [
      120,
      0.01591
    ],
    [
      121,
      0.01581
    ],
    [
      122,
      0.0158
    ],
    [
      123,
      0.01571
    ],
    [
      124,
      0.01525
    ],
    [
      125,
      0.01556
    ],
    [
      126,
      0.01502
    ],
    [
      127,
      0.01547
    ],
    [
      128,
      0.01544
    ],
    [
      129,
      0.01553
    ],
    [
      130,
      0.01494
    ],
    [
      131,
      0.01542
    ],
    [
      132,
      0.0147
    ],
    [
      133,
      0.01474
    ],
    [
      134,
      0.01485
    ],
    [
      135,
      0.01496
    ],
    [
      136,
      0.01478
    ],
    [
      137,
      0.01514
    ],
    [
      138,
      0.01466
    ],
    [
      139,
      0.01556
    ],
    [
      140,
      0.01504
    ],
    [
      141,
      0.01475
    ],
    [
      142,
      0.01535
    ],
    [
      143,
      0.01488
    ],
    [
      144,
      0.01508
    ],
    [
      145,
      0.01466
    ],
    [
      146,
      0.01475
    ],
    [
      147,
      0.0141
    ],
    [
      148,
      0.01494
    ],
    [
      149,
      0.0144
    ],
    [
      150,
      0.01439
    ],
    [
      151,
      0.01444
    ],
    [
      152,
      0.01453
    ],
    [
      153,
      0.01471
    ],
    [
      154,
      0.01478
    ],
    [
      155,
      0.01428
    ],
    [
      156,
      0.01438
    ],
    [
      157,
      0.01468
    ],
    [
      158,
      0.0141
    ],
    [
      159,
      0.01354
    ],
    [
      160,
      0.01423
    ],
    [
      161,
      0.014
    ],
    [
      162,
      0.01349
    ],
    [
      163,
      0.01351
    ],
    [
      164,
      0.01392
    ],
    [
      165,
      0.01402
    ],
    [
      166,
      0.01367
    ],
    [
      167,
      0.01414
    ],
    [
      168,
      0.01363
    ],
    [
      169,
      0.01398
    ],
    [
      170,
      0.01392
    ],
    [
      171,
      0.01413
    ],
    [
      172,
      0.0132
    ],
    [
      173,
      0.01432
    ],
    [
      174,
      0.01363
    ],
    [
      175,
      0.01384
    ],
    [
      176,
      0.0136
    ],
    [
      177,
      0.0128
    ],
    [
      178,
      0.01364
    ],
    [
      179,
      0.01366
    ],
    [
      180,
      0.01372
    ],
    [
      181,
      0.01352
    ],
    [
      182,
      0.01368
    ],
    [
      183,
      0.01354
    ],
    [
      184,
      0.01338
    ],
    [
      185,
      0.01291
    ],
    [
      186,
      0.01302
    ],
    [
      187,
      0.013
    ],
    [
      188,
      0.01387
    ],
    [
      189,
      0.01325
    ],
    [
      190,
      0.01294
    ],
    [
      191,
      0.01325
    ],
    [
      192,
      0.01361
    ],
    [
      193,
      0.01302
    ],
    [
      194,
      0.01334
    ],
    [
      195,
      0.0133
    ],
    [
      196,
      0.01348
    ],
    [
      197,
      0.01304
    ],
    [
      198,
      0.01247
    ],
    [
      199,
      0.01316
    ],
    [
      200,
      0.01338
    ]
  ],
  "loss_class": [
    [
      1,
      0.04801
    ],
    [
      2,
      0.04337
    ],
    [
      3,
      0.04069
    ],
    [
      4,
      0.03904
    ],
    [
      5,
      0.0374
    ],
    [
      6,
      0.03606
    ],
    [
      7,
      0.03477
    ],
    [
      8,
      0.03397
    ],
    [
      9,
      0.03212
    ],
    [
      10,
      0.03088
    ],
    [
      11,
      0.02936
    ],
    [
      12,
      0.02811
    ],
    [
      13,
      0.02637
    ],
    [
      14,
      0.02504
    ],
    [
      15,
      0.02414
    ],
    [
      16,
      0.02272
    ],
    [
      17,
      0.02187
    ],
    [
      18,
      0.02053
    ],
    [
      19,
      0.01945
    ],
    [
      20,
      0.0188
    ],
    [
      21,
      0.01762
    ],
    [
      22,
      0.0169
    ],
    [
      23,
      0.01625
    ],
    [
      24,
      0.01546
    ],
    [
      25,
      0.01503
    ],
    [
      26,
      0.01438
    ],
    [
      27,
      0.01367
    ],
    [
      28,
      0.01346
    ],
    [
      29,
      0.01283
    ],
    [
      30,
      0.01232
    ],
    [
      31,
      0.01178
    ],
    [
      32,
      0.01173
    ],
    [
      33,
      0.011
    ],
    [
      34,
      0.01036
    ],
    [
      35,
      0.01038
    ],
    [
      36,
      0.01037
    ],
    [
      37,
      0.00939
    ],
    [
      38,
      0.00892
    ],
    [
      39,
      0.00884
    ],
    [
      40,
      0.00821
    ],
    [
      41,
      0.00838
    ],
    [
      42,
      0.00762
    ],
    [
      43,
      0.007
    ],
    [
      44,
      0.00715
    ],
    [
      45,
      0.00665
    ],
    [
      46,
      0.00612
    ],
    [
      47,
      0.00589
    ],
    [
      48,
      0.00563
    ],
    [
      49,
      0.00524
    ],
    [
      50,
      0.00509
    ],
    [
      51,
      0.00513
    ],
    [
      52,
      0.00455
    ],
    [
      53,
      0.00453
    ],
    [
      54,
      0.00478
    ],
    [
      55,
      0.00408
    ],
    [
      56,
      0.00402
    ],
    [
      57,
      0.00391
    ],
    [
      58,
      0.00368
    ],
    [
      59,
      0.00365
    ],
    [
      60,
      0.00337
    ],
    [
      61,
      0.00339
    ],
    [
      62,
      0.00342
    ],
    [
      63,
      0.00327
    ],
    [
      64,
      0.00307
    ],
    [
      65,
      0.00311
    ],
    [
      66,
      0.00298
    ],
    [
      67,
      0.0028
    ],
    [
      68,
      0.00301
    ],
    [
      69,
      0.00282
    ],
    [
      70,
      0.00271
    ],
    [
      71,
      0.00292
    ],
    [
      72,
      0.0027
    ],
    [
      73,
      0.00273
    ],
    [
      74,
      0.00248
    ],
    [
      75,
      0.00245
    ],
    [
      76,
      0.00256
    ],
    [
      77,
      0.00242
    ],
    [
      78,
      0.00261
    ],
    [
      79,
      0.00271
    ],
    [
      80,
      0.00249
    ],
    [
      81,
      0.00233
    ],
    [
      82,
      0.00226
    ],
    [
      83,
      0.00233
    ],
    [
      84,
      0.00222
    ],
    [
      85,
      0.00219
    ],
    [
      86,
      0.00224
    ],
    [
      87,
      0.00235
    ],
    [
      88,
      0.00223
    ],
    [
      89,
      0.00215
    ],
    [
      90,
      0.00211
    ],
    [
      91,
      0.00218
    ],
    [
      92,
      0.00212
    ],
    [
      93,
      0.0021
    ],
    [
      94,
      0.00205
    ],
    [
      95,
      0.00209
    ],
    [
      96,
      0.00207
    ],
    [
      97,
      0.00207
    ],
    [
      98,
      0.00197
    ],
    [
      99,
      0.00201
    ],
    [
      100,
      0.00192
    ],
    [
      101,
      0.00207
    ],
    [
      102,
      0.00201
    ],
    [
      103,
      0.00191
    ],
    [
      104,
      0.00191
    ],
    [
      105,
      0.00188
    ],
    [
      106,
      0.00189
    ],
    [
      107,
      0.00182
    ],
    [
      108,
      0.00178
    ],
    [
      109,
      0.00181
    ],
    [
      110,
      0.0018
    ],
    [
      111,
      0.00187
    ],
    [
      112,
      0.00179
    ],
    [
      113,
      0.00171
    ],
    [
      114,
      0.00183
    ],
    [
      115,
      0.00178
    ],
    [
      116,
      0.00176
    ],
    [
      117,
      0.0017
    ],
    [
      118,
      0.00197
    ],
    [
      119,
      0.00174
    ],
    [
      120,
      0.00167
    ],
    [
      121,
      0.00164
    ],
    [
      122,
      0.00167
    ],
    [
      123,
      0.00169
    ],
    [
      124,
      0.00168
    ],
    [
      125,
      0.00167
    ],
    [
      126,
      0.00182
    ],
    [
      127,
      0.00189
    ],
    [
      128,
      0.00163
    ],
    [
      129,
      0.00168
    ],
    [
      130,
      0.00173
    ],
    [
      131,
      0.0017
    ],
    [
      132,
      0.0016
    ],
    [
      133,
      0.0017
    ],
    [
      134,
      0.00169
    ],
    [
      135,
      0.0016
    ],
    [
      136,
      0.00157
    ],
    [
      137,
      0.00164
    ],
    [
      138,
      0.00156
    ],
    [
      139,
      0.00163
    ],
    [
      140,
      0.00154
    ],
    [
      141,
      0.00159
    ],
    [
      142,
      0.00152
    ],
    [
      143,
      0.00159
    ],
    [
      144,
      0.00152
    ],
    [
      145,
      0.00157
    ],
    [
      146,
      0.0015
    ],
    [
      147,
      0.00155
    ],
    [
      148,
      0.00147
    ],
    [
      149,
      0.0015
    ],
    [
      150,
      0.00154
    ],
    [
      151,
      0.00153
    ],
    [
      152,
      0.00147
    ],
    [
      153,
      0.00149
    ],
    [
      154,
      0.00154
    ],
    [
      155,
      0.00145
    ],
    [
      156,
      0.00145
    ],
    [
      157,
      0.00153
    ],
    [
      158,
      0.00143
    ],
    [
      159,
      0.00143
    ],
    [
      160,
      0.00147
    ],
    [
      161,
      0.00147
    ],
    [
      162,
      0.00141
    ],
    [
      163,
      0.0014
    ],
    [
      164,
      0.00143
    ],
    [
      165,
      0.00146
    ],
    [
      166,
      0.00146
    ],
    [
      167,
      0.00139
    ],
    [
      168,
      0.0014
    ],
    [
      169,
      0.00137
    ],
    [
      170,
      0.00145
    ],
    [
      171,
      0.0014
    ],
    [
      172,
      0.00137
    ],
    [
      173,
      0.00135
    ],
    [
      174,
      0.00136
    ],
    [
      175,
      0.00138
    ],
    [
      176,
      0.00139
    ],
    [
      177,
      0.00143
    ],
    [
      178,
      0.00168
    ],
    [
      179,
      0.00141
    ],
    [
      180,
      0.00139
    ],
    [
      181,
      0.00137
    ],
    [
      182,
      0.00135
    ],
    [
      183,
      0.00139
    ],
    [
      184,
      0.00149
    ],
    [
      185,
      0.00137
    ],
    [
      186,
      0.00131
    ],
    [
      187,
      0.00131
    ],
    [
      188,
      0.00137
    ],
    [
      189,
      0.00133
    ],
    [
      190,
      0.00129
    ],
    [
      191,
      0.00129
    ],
    [
      192,
      0.00131
    ],
    [
      193,
      0.00131
    ],
    [
      194,
      0.0014
    ],
    [
      195,
      0.00132
    ],
    [
      196,
      0.00129
    ],
    [
      197,
      0.00135
    ],
    [
      198,
      0.00131
    ],
    [
      199,
      0.00135
    ],
    [
      200,
      0.00131
    ]
  ],
  "lr": [
    [
      1,
      0.001
    ],
    [
      2,
      0.00099
    ],
    [
      3,
      0.00098
    ],
    [
      4,
      0.00097
    ],
    [
      5,
      0.00095
    ],
    [
      6,
      0.00094
    ],
    [
      7,
      0.00093
    ],
    [
      8,
      0.00092
    ],
    [
      9,
      0.00091
    ],
    [
      10,
      0.0009
    ],
    [
      11,
      0.00089
    ],
    [
      12,
      0.00088
    ],
    [
      13,
      0.00087
    ],
    [
      14,
      0.00086
    ],
    [
      15,
      0.00085
    ],
    [
      16,
      0.00084
    ],
    [
      17,
      0.00083
    ],
    [
      18,
      0.00082
    ],
    [
      19,
      0.00081
    ],
    [
      20,
      0.0008
    ],
    [
      21,
      0.00079
    ],
    [
      22,
      0.00079
    ],
    [
      23,
      0.00078
    ],
    [
      24,
      0.00077
    ],
    [
      25,
      0.00076
    ],
    [
      26,
      0.00075
    ],
    [
      27,
      0.00074
    ],
    [
      28,
      0.00073
    ],
    [
      29,
      0.00072
    ],
    [
      30,
      0.00072
    ],
    [
      31,
      0.00071
    ],
    [
      32,
      0.0007
    ],
    [
      33,
      0.00069
    ],
    [
      34,
      0.00068
    ],
    [
      35,
      0.00068
    ],
    [
      36,
      0.00067
    ],
    [
      37,
      0.00066
    ],
    [
      38,
      0.00065
    ],
    [
      39,
      0.00065
    ],
    [
      40,
      0.00064
    ],
    [
      41,
      0.00063
    ],
    [
      42,
      0.00062
    ],
    [
      43,
      0.00062
    ],
    [
      44,
      0.00061
    ],
    [
      45,
      0.0006
    ],
    [
      46,
      0.0006
    ],
    [
      47,
      0.00059
    ],
    [
      48,
      0.00058
    ],
    [
      49,
      0.00058
    ],
    [
      50,
      0.00057
    ],
    [
      51,
      0.00056
    ],
    [
      52,
      0.00056
    ],
    [
      53,
      0.00055
    ],
    [
      54,
      0.00054
    ],
    [
      55,
      0.00054
    ],
    [
      56,
      0.00053
    ],
    [
      57,
      0.00052
    ],
    [
      58,
      0.00052
    ],
    [
      59,
      0.00051
    ],
    [
      60,
      0.00051
    ],
    [
      61,
      0.0005
    ],
    [
      62,
      0.0005
    ],
    [
      63,
      0.00049
    ],
    [
      64,
      0.00048
    ],
    [
      65,
      0.00048
    ],
    [
      66,
      0.00047
    ],
    [
      67,
      0.00047
    ],
    [
      68,
      0.00046
    ],
    [
      69,
      0.00046
    ],
    [
      70,
      0.00045
    ],
    [
      71,
      0.00045
    ],
    [
      72,
      0.00044
    ],
    [
      73,
      0.00044
    ],
    [
      74,
      0.00043
    ],
    [
      75,
      0.00043
    ],
    [
      76,
      0.00042
    ],
    [
      77,
      0.00042
    ],
    [
      78,
      0.00041
    ],
    [
      79,
      0.00041
    ],
    [
      80,
      0.0004
    ],
    [
      81,
      0.0004
    ],
    [
      82,
      0.00039
    ],
    [
      83,
      0.00039
    ],
    [
      84,
      0.00038
    ],
    [
      85,
      0.00038
    ],
    [
      86,
      0.00038
    ],
    [
      87,
      0.00037
    ],
    [
      88,
      0.00037
    ],
    [
      89,
      0.00036
    ],
    [
      90,
      0.00036
    ],
    [
      91,
      0.00035
    ],
    [
      92,
      0.00035
    ],
    [
      93,
      0.00035
    ],
    [
      94,
      0.00034
    ],
    [
      95,
      0.00034
    ],
    [
      96,
      0.00033
    ],
    [
      97,
      0.00033
    ],
    [
      98,
      0.00033
    ],
    [
      99,
      0.00032
    ],
    [
      100,
      0.00032
    ],
    [
      101,
      0.00032
    ],
    [
      102,
      0.00031
    ],
    [
      103,
      0.00031
    ],
    [
      104,
      0.00031
    ],
    [
      105,
      0.0003
    ],
    [
      106,
      0.0003
    ],
    [
      107,
      0.0003
    ],
    [
      108,
      0.00029
    ],
    [
      109,
      0.00029
    ],
    [
      110,
      0.00029
    ],
    [
      111,
      0.00028
    ],
    [
      112,
      0.00028
    ],
    [
      113,
      0.00028
    ],
    [
      114,
      0.00027
    ],
    [
      115,
      0.00027
    ],
    [
      116,
      0.00027
    ],
    [
      117,
      0.00026
    ],
    [
      118,
      0.00026
    ],
    [
      119,
      0.00026
    ],
    [
      120,
      0.00025
    ],
    [
      121,
      0.00025
    ],
    [
      122,
      0.00025
    ],
    [
      123,
      0.00025
    ],
    [
      124,
      0.00024
    ],
    [
      125,
      0.00024
    ],
    [
      126,
      0.00024
    ],
    [
      127,
      0.00023
    ],
    [
      128,
      0.00023
    ],
    [
      129,
      0.00023
    ],
    [
      130,
      0.00023
    ],
    [
      131,
      0.00022
    ],
    [
      132,
      0.00022
    ],
    [
      133,
      0.00022
    ],
    [
      134,
      0.00022
    ],
    [
      135,
      0.00021
    ],
    [
      136,
      0.00021
    ],
    [
      137,
      0.00021
    ],
    [
      138,
      0.00021
    ],
    [
      139,
      0.0002
    ],
    [
      140,
      0.0002
    ],
    [
      141,
      0.0002
    ],
    [
      142,
      0.0002
    ],
    [
      143,
      0.00019
    ],
    [
      144,
      0.00019
    ],
    [
      145,
      0.00019
    ],
    [
      146,
      0.00019
    ],
    [
      147,
      0.00019
    ],
    [
      148,
      0.00018
    ],
    [
      149,
      0.00018
    ],
    [
      150,
      0.00018
    ],
    [
      151,
      0.00018
    ],
    [
      152,
      0.00018
    ],
    [
      153,
      0.00017
    ],
    [
      154,
      0.00017
    ],
    [
      155,
      0.00017
    ],
    [
      156,
      0.00017
    ],
    [
      157,
      0.00017
    ],
    [
      158,
      0.00016
    ],
    [
      159,
      0.00016
    ],
    [
      160,
      0.00016
    ],
    [
      161,
      0.00016
    ],
    [
      162,
      0.00016
    ],
    [
      163,
      0.00015
    ],
    [
      164,
      0.00015
    ],
    [
      165,
      0.00015
    ],
    [
      166,
      0.00015
    ],
    [
      167,
      0.00015
    ],
    [
      168,
      0.00015
    ],
    [
      169,
      0.00014
    ],
    [
      170,
      0.00014
    ],
    [
      171,
      0.00014
    ],
    [
      172,
      0.00014
    ],
    [
      173,
      0.00014
    ],
    [
      174,
      0.00014
    ],
    [
      175,
      0.00013
    ],
    [
      176,
      0.00013
    ],
    [
      177,
      0.00013
    ],
    [
      178,
      0.00013
    ],
    [
      179,
      0.00013
    ],
    [
      180,
      0.00013
    ],
    [
      181,
      0.00013
    ],
    [
      182,
      0.00012
    ],
    [
      183,
      0.00012
    ],
    [
      184,
      0.00012
    ],
    [
      185,
      0.00012
    ],
    [
      186,
      0.00012
    ],
    [
      187,
      0.00012
    ],
    [
      188,
      0.00012
    ],
    [
      189,
      0.00011
    ],
    [
      190,
      0.00011
    ],
    [
      191,
      0.00011
    ],
    [
      192,
      0.00011
    ],
    [
      193,
      0.00011
    ],
    [
      194,
      0.00011
    ],
    [
      195,
      0.00011
    ],
    [
      196,
      0.00011
    ],
    [
      197,
      0.0001
    ],
    [
      198,
      0.0001
    ],
    [
      199,
      0.0001
    ],
    [
      200,
      0.0001
    ]
  ],
  "val_acc": [
    [
      10,
      0.0
    ],
    [
      20,
      0.36364
    ],
    [
      30,
      0.47727
    ],
    [
      40,
      0.72727
    ],
    [
      50,
      0.84091
    ],
    [
      60,
      0.88636
    ],
    [
      70,
      0.95455
    ],
    [
      80,
      0.95455
    ],
    [
      90,
      0.95455
    ],
    [
      100,
      0.95455
    ],
    [
      110,
      0.95455
    ],
    [
      120,
      0.95455
    ],
    [
      130,
      0.95455
    ],
    [
      140,
      0.95455
    ],
    [
      150,
      0.95455
    ],
    [
      160,
      0.95455
    ],
    [
      170,
      0.95455
    ],
    [
      180,
      0.95455
    ],
    [
      190,
      0.95455
    ],
    [
      200,
      0.95455
    ]
  ],
  "val_acc_dogclip": [
    [
      10,
      0.0
    ],
    [
      20,
      0.81818
    ],
    [
      30,
      1.0
    ],
    [
      40,
      1.0
    ],
    [
      50,
      1.0
    ],
    [
      60,
      1.0
    ],
    [
      70,
      1.0
    ],
    [
      80,
      1.0
    ],
    [
      90,
      1.0
    ],
    [
      100,
      1.0
    ],
    [
      110,
      1.0
    ],
    [
      120,
      1.0
    ],
    [
      130,
      1.0
    ],
    [
      140,
      1.0
    ],
    [
      150,
      1.0
    ],
    [
      160,
      1.0
    ],
    [
      170,
      1.0
    ],
    [
      180,
      1.0
    ],
    [
      190,
      1.0
    ],
    [
      200,
      1.0
    ]
  ],
  "val_acc_leafairy": [
    [
      10,
      0.0
    ],
    [
      20,
      0.63636
    ],
    [
      30,
      0.72727
    ],
    [
      40,
      0.72727
    ],
    [
      50,
      0.72727
    ],
    [
      60,
      0.72727
    ],
    [
      70,
      1.0
    ],
    [
      80,
      1.0
    ],
    [
      90,
      1.0
    ],
    [
      100,
      1.0
    ],
    [
      110,
      1.0
    ],
    [
      120,
      1.0
    ],
    [
      130,
      1.0
    ],
    [
      140,
      1.0
    ],
    [
      150,
      1.0
    ],
    [
      160,
      1.0
    ],
    [
      170,
      1.0
    ],
    [
      180,
      1.0
    ],
    [
      190,
      1.0
    ],
    [
      200,
      1.0
    ]
  ],
  "val_acc_whitefish": [
    [
      10,
      0.0
    ],
    [
      20,
      0.0
    ],
    [
      30,
      0.18182
    ],
    [
      40,
      0.36364
    ],
    [
      50,
      0.81818
    ],
    [
      60,
      1.0
    ],
    [
      70,
      1.0
    ],
    [
      80,
      1.0
    ],
    [
      90,
      1.0
    ],
    [
      100,
      1.0
    ],
    [
      110,
      1.0
    ],
    [
      120,
      1.0
    ],
    [
      130,
      1.0
    ],
    [
      140,
      1.0
    ],
    [
      150,
      1.0
    ],
    [
      160,
      1.0
    ],
    [
      170,
      1.0
    ],
    [
      180,
      1.0
    ],
    [
      190,
      1.0
    ],
    [
      200,
      1.0
    ]
  ],
  "val_acc_bluefish": [
    [
      10,
      0.0
    ],
    [
      20,
      0.0
    ],
    [
      30,
      0.0
    ],
    [
      40,
      0.81818
    ],
    [
      50,
      0.81818
    ],
    [
      60,
      0.81818
    ],
    [
      70,
      0.81818
    ],
    [
      80,
      0.81818
    ],
    [
      90,
      0.81818
    ],
    [
      100,
      0.81818
    ],
    [
      110,
      0.81818
    ],
    [
      120,
      0.81818
    ],
    [
      130,
      0.81818
    ],
    [
      140,
      0.81818
    ],
    [
      150,
      0.81818
    ],
    [
      160,
      0.81818
    ],
    [
      170,
      0.81818
    ],
    [
      180,
      0.81818
    ],
    [
      190,
      0.81818
    ],
    [
      200,
      0.81818
    ]
  ],
  "mean": 0,
  "std": 255,
  "label_type": "detection",
  "data_type": "image",
  "labels": [
    "dogclip",
    "leafairy",
    "whitefish",
    "bluefish"
  ],
  "best_eval": {
    "epoch": 200,
    "val_acc": 0.955,
    "val_info": [
      {
        "name": "225e7fa06ade44d3ab619c5c190743ce.jpg",
        "nickname": "0401144932_device.jpg",
        "pred": [
          [
            150,
            70,
            220,
            130,
            0.9425157904624939,
            3.0
          ]
        ],
        "gt": [
          [
            152,
            67,
            219,
            134,
            1.0,
            3.0
          ]
        ],
        "ok": true
      },
      {
        "name": "3ea2d84ea2eb4a2580eac09559c527ee.jpg",
        "nickname": "0401145832_device.jpg",
        "pred": [
          [
            294,
            383,
            378,
            411,
            0.9150363206863403,
            2.0
          ]
        ],
        "gt": [
          [
            286,
            377,
            377,
            412,
            1.0,
            2.0
          ]
        ],
        "ok": true
      },
      {
        "name": "22cd678f9d6443afb35cfdd4a628296b.jpg",
        "nickname": "0324182257_device_62.jpg",
        "pred": [
          [
            171,
            199,
            255,
            266,
            0.8832752108573914,
            2.0
          ]
        ],
        "gt": [
          [
            173,
            197,
            253,
            269,
            1.0,
            2.0
          ]
        ],
        "ok": true
      },
      {
        "name": "d78ac8f9ddf84146934ecfde2422d7bd.jpg",
        "nickname": "0401144417_device.jpg",
        "pred": [
          [
            148,
            99,
            202,
            145,
            0.9151891469955444,
            1.0
          ]
        ],
        "gt": [
          [
            149,
            98,
            195,
            143,
            1.0,
            1.0
          ]
        ],
        "ok": true
      },
      {
        "name": "f7971b34ea8b4f78bf59e4ebb0ea8cbc.jpg",
        "nickname": "0401133227_device.jpg",
        "pred": [
          [
            183,
            182,
            246,
            232,
            0.8927789926528931,
            1.0
          ]
        ],
        "gt": [
          [
            186,
            176,
            243,
            228,
            1.0,
            1.0
          ]
        ],
        "ok": true
      },
      {
        "name": "8b77082de39a4712a64c459e327f7cfa.jpg",
        "nickname": "0324180117_device_3.jpg",
        "pred": [
          [
            120,
            119,
            254,
            270,
            0.8966309428215027,
            0.0
          ]
        ],
        "gt": [
          [
            113,
            104,
            254,
            273,
            1.0,
            0.0
          ]
        ],
        "ok": true
      },
      {
        "name": "ad8cc762771c44eb91493544ef019ba9.jpg",
        "nickname": "0401144812_device.jpg",
        "pred": [
          [
            168,
            206,
            236,
            274,
            0.9183664917945862,
            3.0
          ]
        ],
        "gt": [
          [
            163,
            201,
            236,
            275,
            1.0,
            3.0
          ]
        ],
        "ok": true
      },
      {
        "name": "dd1201dd0e704234923a7fea6cef92e0.jpg",
        "nickname": "0324180954_device_19.jpg",
        "pred": [
          [
            97,
            100,
            299,
            204,
            0.8203891515731812,
            0.0
          ]
        ],
        "gt": [
          [
            97,
            93,
            312,
            204,
            1.0,
            0.0
          ]
        ],
        "ok": true
      },
      {
        "name": "156fc8562a2e46849b7eb38433e1bfc9.jpg",
        "nickname": "0401144915_device.jpg",
        "pred": [
          [
            166,
            352,
            231,
            413,
            0.5760051012039185,
            2.0
          ]
        ],
        "gt": [
          [
            163,
            349,
            225,
            412,
            1.0,
            3.0
          ]
        ],
        "ok": false
      }
    ]
  }
}